<?xml version="1.0" encoding="utf-8"?>
<manifest xmlns:android="http://schemas.android.com/apk/res/android"
    package="com.example.maydelynsv.mantenimiento12" >

    <application
        android:allowBackup="true"
        android:icon="@mipmap/ic_launcher"
        android:label="@string/app_name"
        android:supportsRtl="true"
        android:theme="@style/AppTheme" >
        <activity
            android:name=".Bienvenido"
            android:label="@string/app_name"
            android:theme="@style/AppTheme.NoActionBar" >
            <intent-filter>
                <action android:name="android.intent.action.MAIN" />

                <category android:name="android.intent.category.LAUNCHER" />
            </intent-filter>
        </activity>
        <activity
            android:name=".Correctivo"
            android:label="@string/title_activity_correctivo"
            android:parentActivityName=".Bienvenido"
            android:theme="@style/AppTheme.NoActionBar" >
            <meta-data
                android:name="android.support.PARENT_ACTIVITY"
                android:value="com.example.maydelynsv.mantenimiento12.Bienvenido" />
        </activity>
        <activity
            android:name=".Preventivo"
            android:label="@string/title_activity_preventivo"
            android:parentActivityName=".Bienvenido"
            android:theme="@style/AppTheme.NoActionBar" >
            <meta-data
                android:name="android.support.PARENT_ACTIVITY"
                android:value="com.example.maydelynsv.mantenimiento12.Bienvenido" />
        </activity>
        <activity
            android:name=".Correctivo2"
            android:label="@string/title_activity_correctivo2"
            android:parentActivityName=".Bienvenido"
            android:theme="@style/AppTheme.NoActionBar" >
            <meta-data
                android:name="android.support.PARENT_ACTIVITY"
                android:value="com.example.maydelynsv.mantenimiento12.Bienvenido" />
        </activity>
        <activity
            android:name=".Limpieza"
            android:label="@string/title_activity_limpieza"
            android:parentActivityName=".Preventivo"
            android:theme="@style/AppTheme.NoActionBar" >
            <meta-data
                android:name="android.support.PARENT_ACTIVITY"
                android:value="com.example.maydelynsv.mantenimiento12.Preventivo" />
        </activity>
        <activity
            android:name=".Liveracion"
            android:label="@string/title_activity_liveracion"
            android:parentActivityName=".Preventivo"
            android:theme="@style/AppTheme.NoActionBar" >
            <meta-data
                android:name="android.support.PARENT_ACTIVITY"
                android:value="com.example.maydelynsv.mantenimiento12.Preventivo" />
        </activity>
        <activity
            android:name=".aplicacion"
            android:label="@string/title_activity_aplicacion"
            android:theme="@style/AppTheme.NoActionBar" >
        </activity>
        <activity
            android:name=".Liberacion"
            android:label="@string/title_activity_liberacion"
            android:theme="@style/AppTheme.NoActionBar" >
        </activity>
        <activity
            android:name=".correctivo3"
            android:label="@string/title_activity_correctivo3"
            android:theme="@style/AppTheme.NoActionBar" >
        </activity>
        <activity
            android:name=".Correct_mante"
            android:label="@string/title_activity_correct_mante"
            android:parentActivityName=".Correctivo"
            android:theme="@style/AppTheme.NoActionBar" >
            <meta-data
                android:name="android.support.PARENT_ACTIVITY"
                android:value="com.example.maydelynsv.mantenimiento12.Correctivo" />
        </activity>
        <activity
            android:name=".teclado"
            android:label="@string/title_activity_teclado"
            android:theme="@style/AppTheme.NoActionBar" >
        </activity>
        <activity
            android:name=".placa"
            android:label="@string/title_activity_placa"
            android:theme="@style/AppTheme.NoActionBar" >
        </activity>
        <activity
            android:name=".Reiniciar"
            android:label="@string/title_activity_reiniciar"
            android:theme="@style/AppTheme.NoActionBar" >
        </activity>
        <activity
            android:name=".Imagen"
            android:label="@string/title_activity_imagen"
            android:theme="@style/AppTheme.NoActionBar" >
        </activity>
        <activity
            android:name=".Mover"
            android:label="@string/title_activity_mover"
            android:theme="@style/AppTheme.NoActionBar" >
        </activity>
        <activity
            android:name=".Papelaje"
            android:label="@string/title_activity_papelaje"
            android:theme="@style/AppTheme.NoActionBar" >
        </activity>
    </application>

</manifest>
